SET @entry := 86;
SET @guid := 303082;

-- add events
DELETE FROM `game_event` WHERE `eventEntry` BETWEEN @entry AND @entry+11;
INSERT INTO `game_event` (`eventEntry`, `start_time`, `end_time`, `occurence`, `length`, `holiday`, `description`, `world_event`) VALUES
(@entry,'2011-01-01 00:00:00','2020-12-31 06:00:00','525600','44640','0','Bier des Monats - Januar','0'),
(@entry+1,'2011-02-01 00:00:00','2020-12-31 06:00:00','525600','40320','0','Bier des Monats - Februar','0'),
(@entry+2,'2011-03-01 00:00:00','2020-12-31 06:00:00','525600','44640','0','Bier des Monats - Maerz','0'),
(@entry+3,'2011-04-01 00:00:00','2020-12-31 06:00:00','525600','43200','0','Bier des Monats - April','0'),
(@entry+4,'2011-05-01 00:00:00','2020-12-31 06:00:00','525600','44640','0','Bier des Monats - Mai','0'),
(@entry+5,'2011-06-01 00:00:00','2020-12-31 06:00:00','525600','43200','0','Bier des Monats - Juni','0'),
(@entry+6,'2011-07-01 00:00:00','2020-12-31 06:00:00','525600','44640','0','Bier des Monats - Juli','0'),
(@entry+7,'2011-08-01 00:00:00','2020-12-31 06:00:00','525600','44640','0','Bier des Monats - August','0'),
(@entry+8,'2011-09-01 00:00:00','2020-12-31 06:00:00','525600','43200','0','Bier des Monats - September','0'),
(@entry+9,'2011-10-01 00:00:00','2020-12-31 06:00:00','525600','44640','0','Bier des Monats - Oktober','0'),
(@entry+10,'2011-11-01 00:00:00','2020-12-31 06:00:00','525600','43200','0','Bier des Monats - November','0'),
(@entry+11,'2011-12-01 00:00:00','2020-12-31 06:00:00','525600','44640','0','Bier des Monats - Dezember','0');

-- npc corrections
UPDATE `creature_template` SET `gossip_menu_id`=9549, `minlevel`=50, `maxlevel`=50, `faction_A`=35, `faction_H`=35, `npcflag`=129,
       `unit_flags`=768, `equipment_id`=357, `ScriptName`='npc_brew_vendor' WHERE `name`='Brew Vendor';

-- spawns
DELETE FROM `creature` WHERE `guid` BETWEEN @guid AND @guid+25;
INSERT INTO `creature` (`guid`, `id`, `map`, `spawnMask`, `phaseMask`, `modelid`, `equipment_id`, `position_x`, `position_y`, `position_z`, `orientation`, `spawntimesecs`, `spawndist`, `currentwaypoint`, `curhealth`, `curmana`, `MovementType`, `npcflag`, `unit_flags`, `dynamicflags`) VALUES
(@guid,'27478','0','1','1','0','356','-4849.93','-862.626','501.914','5.41091','10','0','0','2215','0','0','0','0','0'),
(@guid+1,'27489','1','1','1','22492','0','1490.75','-4221.22','43.1862','4.71535','10','0','0','2215','0','0','0','0','0'),
(@guid+2,'27806','0','1','1','0','357','-4845.5','-861.761','501.914','5.019','10','0','0','2215','0','0','0','0','0'),
(@guid+3,'27806','1','1','1','0','357','1491.61','-4227.44','43.1862','1.75085','10','0','0','2215','0','0','0','0','0'),
(@guid+4,'27810','0','1','1','0','357','-4845.5','-861.761','501.914','5.019','10','0','0','2215','0','0','0','0','0'),
(@guid+5,'27810','1','1','1','0','357','1491.61','-4227.44','43.1862','1.75085','10','0','0','2215','0','0','0','0','0'),
(@guid+6,'27811','0','1','1','0','357','-4845.5','-861.761','501.914','5.019','10','0','0','2215','0','0','0','0','0'),
(@guid+7,'27811','1','1','1','0','357','1491.61','-4227.44','43.1862','1.75085','10','0','0','2215','0','0','0','0','0'),
(@guid+8,'27812','0','1','1','0','357','-4845.5','-861.761','501.914','5.019','10','0','0','2215','0','0','0','0','0'),
(@guid+9,'27812','1','1','1','0','357','1491.61','-4227.44','43.1862','1.75085','10','0','0','2215','0','0','0','0','0'),
(@guid+10,'27813','0','1','1','0','357','-4845.5','-861.761','501.914','5.019','10','0','0','2215','0','0','0','0','0'),
(@guid+11,'27813','1','1','1','0','357','1491.61','-4227.44','43.1862','1.75085','10','0','0','2215','0','0','0','0','0'),
(@guid+12,'27814','0','1','1','0','357','-4845.5','-861.761','501.914','5.019','10','0','0','2215','0','0','0','0','0'),
(@guid+13,'27814','1','1','1','0','357','1491.61','-4227.44','43.1862','1.75085','10','0','0','2215','0','0','0','0','0'),
(@guid+14,'27815','0','1','1','0','357','-4845.5','-861.761','501.914','5.019','10','0','0','2215','0','0','0','0','0'),
(@guid+15,'27815','1','1','1','0','357','1491.61','-4227.44','43.1862','1.75085','10','0','0','2215','0','0','0','0','0'),
(@guid+16,'27816','0','1','1','0','357','-4845.5','-861.761','501.914','5.019','10','0','0','2215','0','0','0','0','0'),
(@guid+17,'27816','1','1','1','0','357','1491.61','-4227.44','43.1862','1.75085','10','0','0','2215','0','0','0','0','0'),
(@guid+18,'27817','0','1','1','0','357','-4845.5','-861.761','501.914','5.019','10','0','0','2215','0','0','0','0','0'),
(@guid+19,'27817','1','1','1','0','357','1491.61','-4227.44','43.1862','1.75085','10','0','0','2215','0','0','0','0','0'),
(@guid+20,'27818','0','1','1','0','357','-4845.5','-861.761','501.914','5.019','10','0','0','2215','0','0','0','0','0'),
(@guid+21,'27818','1','1','1','0','357','1491.61','-4227.44','43.1862','1.75085','10','0','0','2215','0','0','0','0','0'),
(@guid+22,'27819','0','1','1','0','357','-4845.5','-861.761','501.914','5.019','10','0','0','2215','0','0','0','0','0'),
(@guid+23,'27819','1','1','1','0','357','1491.61','-4227.44','43.1862','1.75085','10','0','0','2215','0','0','0','0','0'),
(@guid+24,'27820','0','1','1','0','357','-4845.5','-861.761','501.914','5.019','10','0','0','2215','0','0','0','0','0'),
(@guid+25,'27820','1','1','1','0','357','1491.61','-4227.44','43.1862','1.75085','10','0','0','2215','0','0','0','0','0');

-- creature event links
DELETE FROM `game_event_creature` WHERE `guid` BETWEEN @guid+2 AND @guid+25;
INSERT INTO `game_event_creature` (`eventEntry`, `guid`) VALUES
(@entry,@guid+2),
(@entry,@guid+3),
(@entry+1,@guid+4),
(@entry+1,@guid+5),
(@entry+2,@guid+6),
(@entry+2,@guid+7),
(@entry+3,@guid+8),
(@entry+3,@guid+9),
(@entry+4,@guid+10),
(@entry+4,@guid+11),
(@entry+5,@guid+12),
(@entry+5,@guid+13),
(@entry+6,@guid+14),
(@entry+6,@guid+15),
(@entry+7,@guid+16),
(@entry+7,@guid+17),
(@entry+8,@guid+18),
(@entry+8,@guid+19),
(@entry+9,@guid+20),
(@entry+9,@guid+21),
(@entry+10,@guid+22),
(@entry+10,@guid+23),
(@entry+11,@guid+24),
(@entry+11,@guid+25);

-- missing brew vendor items
DELETE FROM `npc_vendor` WHERE `entry` IN (27806,27810,27811,27812,27815,27816,27817);
INSERT INTO `npc_vendor` (`entry`, `slot`, `item`, `maxcount`, `incrtime`, `ExtendedCost`) VALUES
('27806','0','37488','0','0','0'),
('27810','0','37489','0','0','0'),
('27811','0','37490','0','0','0'),
('27812','0','37491','0','0','0'),
('27815','0','37494','0','0','0'),
('27816','0','37495','0','0','0'),
('27817','0','37496','0','0','0');
